#"Step","Potential Energy (kJ/mole)","Kinetic Energy (kJ/mole)","Total Energy (kJ/mole)","Temperature (K)","Box Volume (nm^3)","Density (g/mL)","Speed (ns/day)"
2000,-40169.35947556325,7426.567730179651,-32742.791745383598,297.7369302643397,30.414730782427355,0.9835743582211162,0
4000,-39883.28577720988,7434.98881471278,-32448.2969624971,298.07453815394416,30.64327132113549,0.9762387636845005,672
6000,-39825.685013541515,7711.860767687243,-32113.824245854274,309.1745520971167,30.310858085661454,0.9869449827270107,673
8000,-39668.85662192118,7579.880656898953,-32088.975965022226,303.8833658493475,30.053272774900243,0.9954040458042366,676
10000,-39875.247093260434,7287.170396652098,-32588.076696608336,292.148381734328,30.48890829191567,0.981181386469197,676
12000,-39325.63894852353,7364.562577237195,-31961.076371286334,295.2510950079485,30.87817324415845,0.9688121467954192,677
14000,-39886.48591301669,7378.235301773674,-32508.250611243013,295.79924526789944,29.935256879614748,0.9993282980700118,674
16000,-39740.3353214286,7530.944908660713,-32209.39041276789,301.9214932872171,30.633583335672622,0.9765475028498546,675
18000,-39779.632487167284,7430.437666108288,-32349.194821058998,297.8920790336736,30.692803319393754,0.974663311086076,675
20000,-39948.219415515574,7636.211773046235,-32312.00764246934,306.1417245164205,30.533967271237614,0.9797334569744395,676
22000,-39824.53620074576,7394.019087722241,-32430.517113023518,296.43202963707427,30.54260912011914,0.9794562472427478,675
24000,-40090.2494839135,7432.032608116533,-32658.21687579697,297.9560215108363,30.483340251433354,0.981360607566206,671
26000,-40004.42156596691,7506.782470192455,-32497.63909577446,300.95280216116635,29.901121893466854,1.0004691267564187,671
28000,-39938.00540007191,7337.996343861948,-32600.00905620996,294.18603385706325,30.33843687991873,0.9860478121598647,671
30000,-39632.333628608205,7375.65352419476,-32256.680104413444,295.6957397780286,30.600657972657,0.977598237806667,672
32000,-39838.86803863887,7327.195788668779,-32511.672249970095,293.7530311207795,30.269178743055594,0.988303963042182,673
34000,-39768.564819964464,7435.758984292157,-32332.805835672305,298.1054148569755,30.32782292453433,0.9863929034481906,673
36000,-39968.42875288977,7829.533163645841,-32138.895589243926,313.8921308256036,30.202431114025693,0.9904881231862734,673
38000,-39578.7023167584,7401.093451550215,-32177.60886520818,296.7156464364141,30.112126699571515,0.993458536099335,673
40000,-39680.969922900345,7646.86957181854,-32034.100351081805,306.56900403572604,30.893294268481448,0.9683379522369239,673
42000,-39704.241766203835,7460.30629509254,-32243.935471111297,299.08953581695135,30.640695769402004,0.9763208229647148,673
44000,-39856.2585897558,7576.533066143305,-32279.7255236125,303.7491583080472,30.38817888270135,0.984433763710118,672
46000,-39734.54266520281,7745.499612913197,-31989.043052289613,310.52315980919775,30.78006059028977,0.9719002736216638,672
48000,-39562.06231256074,7603.710421068042,-31958.351891492697,304.8387198015905,30.527188373684684,0.9799510175520042,673
50000,-40057.014625797485,7243.538155230693,-32813.47647056679,290.39913092381295,30.521560062530902,0.98013172486942,673
52000,-39784.78051101108,7186.949777717038,-32597.83073329404,288.1304584466082,30.55444518923115,0.9790768290676588,673
54000,-39997.391571903514,7468.332349871561,-32529.059222031952,299.41130665360964,30.656825752865032,0.9758071351205791,673
56000,-39950.83581470407,7141.584842011529,-32809.25097269254,286.3117425620538,30.416117618029507,0.9835295117369439,673
58000,-39617.411806280754,7578.5641389916955,-32038.847667289057,303.83058561296025,30.678272870405944,0.97512495035703,673
60000,-39515.46720035246,7529.646848781317,-31985.820351571143,301.8694530476567,31.131202694975997,0.9609377961687864,673
62000,-39614.76855584851,7733.797235430533,-31880.97132041798,310.0540023093847,30.347814099695476,0.9857431316641089,674
64000,-39623.0990600292,7430.2750690877965,-32192.823990941404,297.88556039148114,30.778394536036654,0.9719528832073449,672
66000,-39866.69077471341,7687.196833227521,-32179.49394148589,308.1857556030866,30.18808726582721,0.9909587529136978,673
68000,-39729.07367596822,7495.1303864693855,-32233.943289498835,300.48566097765683,30.417650122529214,0.983479959473825,673
70000,-39535.91263804978,7396.114342487166,-32139.79829556261,296.51603004540493,30.588693034215336,0.9779806308276094,673
72000,-39868.92025191226,7575.4471199935415,-32293.47313191872,303.70562187441993,30.687938372797333,0.9748178240709601,673
74000,-40009.748626973014,7513.691663268318,-32496.056963704697,301.2297971353927,30.538039579735962,0.9796028075634798,673
76000,-39932.8802915579,7468.329491046536,-32464.550800511366,299.41119204107014,30.193242211471066,0.9907895647731598,673
78000,-39826.34327712646,7166.067122788972,-32660.27615433749,287.2932564173605,30.54458185455719,0.979392988656374,673
80000,-39558.838076282904,7632.112510374751,-31926.725565908153,305.9773818579411,30.270053900806666,0.9882753895260427,673
82000,-39714.612323620735,7408.181182924345,-32306.43114069639,296.999799151173,30.65068519941131,0.9760026281686055,674
84000,-39761.788407475426,7372.743940681196,-32389.04446679423,295.57909229090535,30.67447717509084,0.9752456134472137,673
86000,-39813.53119475118,7407.370455941014,-32406.160738810166,296.96729646997903,30.62974829677185,0.9766697727955816,673
88000,-39867.694356775406,7671.501241240472,-32196.193115534934,307.55650699906255,30.39029391481141,0.9843652514072653,673
90000,-39761.41764425492,7631.106612629039,-32130.311031625883,305.93705462767144,30.292305087170188,0.9875494526979425,673
92000,-40335.6159668263,7637.168478047864,-32698.447488778434,306.18007957096285,29.923440548206084,0.9997229182787751,673
94000,-40019.74374382134,7716.8994058821645,-32302.844337939176,309.3765550577538,30.413901123409968,0.9836011890881026,673
96000,-40069.901993409556,7434.296316556292,-32635.605676853265,298.0467753592296,29.776179909219664,1.0046671332923847,673
98000,-39552.02439107493,7251.9120130222655,-32300.11237805266,290.7348454562747,30.609675293841125,0.9773102466007915,673
100000,-39661.285993657744,7318.985378241034,-32342.30061541671,293.4238693214421,30.503830418544446,0.980701403703302,673
102000,-39444.186799862015,7724.4252900855345,-31719.76150977648,309.67827366339316,30.59991271432661,0.9776220471304812,674
104000,-39498.0421689451,7607.27021668174,-31890.771952263363,304.98143480223393,30.32697631589121,0.9864204396176022,673
106000,-39647.89948351844,7329.259234251617,-32318.640249266824,293.8357562740296,30.919228429608445,0.9675257381632163,673
108000,-40214.04982700097,7289.110131727291,-32924.93969527368,292.22614723621217,30.377691329001223,0.9847736283117202,673
110000,-40128.733392989176,7563.086688380321,-32565.646704608855,303.2100824679311,29.89686809792458,1.0006114758177866,673
112000,-40023.16043009804,7618.26108387619,-32404.89934622185,305.4220672960467,29.96920006280985,0.9981964565986896,673
114000,-40136.231406317034,7446.938053462035,-32689.293352855,298.5535925157244,30.2944958777816,0.9874780366203156,673
116000,-39991.95947329921,7486.833916993273,-32505.12555630594,300.1530490035128,30.324951094866393,0.9864863167036814,673
118000,-39898.84956713003,7661.754597209305,-32237.094969920727,307.16575638859865,30.734649563177886,0.9733362746922065,673
120000,-39683.370783966966,7540.3257981483075,-32143.04498581866,302.29758051090664,30.147821079916472,0.9922823022763175,673
122000,-39643.63849933859,7496.90637888343,-32146.732120455155,300.5568619077152,30.621856420350106,0.9769214804989277,673
124000,-39838.909172433574,7356.165963411475,-32482.743209022097,294.91446816821394,30.408835718746868,0.9837650341657609,673
126000,-39628.325784752815,7484.955647630803,-32143.370137122012,300.07774771030313,31.078120531114223,0.9625791006198111,673
128000,-39605.685801280924,7449.630463515103,-32156.05533776582,298.66153334833206,30.58644679833538,0.978052452677246,673
130000,-39963.0956682151,7526.017250257228,-32437.078417957873,301.7239395935394,30.586694178377392,0.9780445423533835,673
132000,-39631.31473732591,7431.657905788021,-32199.65683153789,297.9409994003396,30.83433948453369,0.9701893995426518,673
134000,-39937.200366254954,7495.280322563796,-32441.920043691156,300.49167203338374,30.84911506130875,0.9697247149664231,673
136000,-40154.760714237666,7450.589299204016,-32704.17141503365,298.6999738238003,30.30995832763678,0.9869742804138805,673
138000,-40249.66688124632,7479.783855043722,-32769.883026202595,299.87040648555626,30.532505302760505,0.9797803689266642,673
140000,-40095.35932511621,7619.244251702322,-32476.115073413886,305.4614832659971,30.537122934878884,0.9796322126871206,673
142000,-40000.481532219535,7579.411500100901,-32421.070032118634,303.8645569850188,30.543091615618465,0.9794407745709887,673
144000,-39645.74675391926,7556.426413903031,-32089.320340016227,302.9430668357262,30.285790257722244,0.9877618861923632,672
146000,-39435.15971151646,7402.417276712558,-32032.742434803906,296.768719626394,30.731495512082855,0.9734361706553505,673
148000,-39624.43880838936,7502.852927453024,-32121.585880936334,300.7952637079955,30.368565684656694,0.9850695492315673,673
150000,-40152.44345517081,7365.23335780832,-32787.21009736249,295.2779871276172,30.57983227567659,0.9782640087790387,673
152000,-40129.71513500769,7662.952207065309,-32466.762927942378,307.2137695078667,29.97119803168964,0.998129913864759,673
154000,-39877.277943278255,7620.808364070166,-32256.46957920809,305.5241897586745,30.562616911777354,0.9788150470278011,673
156000,-39905.22557314526,7748.945447873538,-32156.28012527172,310.6613060377873,30.4827201818567,0.9813805700844082,673
158000,-39739.28193421051,7503.773479982623,-32235.508454227886,300.83216938155397,30.877520058632992,0.9688326411249499,673
160000,-39683.07190450028,7579.915668152431,-32103.156236347844,303.88476947798375,30.919773782085862,0.9675086732725743,673
162000,-39608.765252978425,7403.5293050993305,-32205.235947879093,296.81330171737784,31.00296310816967,0.9649125861105516,673
164000,-39749.29389823912,7188.73622011812,-32560.557678121,288.20207832485033,30.312437385395402,0.9868935621853755,672
166000,-39806.139589471015,7609.402506464639,-32196.737083006374,305.0669199735082,29.95919250879796,0.9985298936548103,672
168000,-39775.849070476135,7428.751483165728,-32347.097587310407,297.8244786358287,30.486566763909916,0.981256746338773,673
170000,-39986.095027282834,7501.269599838824,-32484.82542744401,300.73178686100755,30.702568504838315,0.9743533120064461,672
172000,-40081.51266183131,7400.216984068697,-32681.29567776261,296.68050816704056,30.054743993643996,0.9953553194836895,673
174000,-39435.26759440373,7357.668006258822,-32077.599588144913,294.9746862450891,30.431854074906784,0.9830209239357905,673
176000,-39989.392659161706,7427.10712059787,-32562.285538563836,297.75855484963523,30.65607084326678,0.975831164493949,673
178000,-39747.29435684893,7503.077327923717,-32244.21702892521,300.8042600990232,30.225636787790545,0.9897276778591494,673
180000,-39738.317923190625,7514.8780900841375,-32223.439833106488,301.2773619178008,30.884224267251156,0.9686223312888995,673
182000,-40437.8555613067,7494.102840502501,-32943.7527208042,300.44446585320617,29.9758109771509,0.9979763127208429,673
184000,-39784.690945998766,7471.4583698076385,-32313.232576191127,299.5366312468172,31.127167594392105,0.9610623651855672,672
186000,-39561.60410564538,7551.2629529919095,-32010.341152653473,302.73605963440895,30.389467407241874,0.984392023358237,673
188000,-39949.267247698095,7527.534012302227,-32421.73323539587,301.7847477746032,30.741744194259162,0.9731116465207102,673
190000,-39557.255625966354,7376.3969178281895,-32180.858708138163,295.7255430123674,31.034500306992694,0.9639320438181354,673
192000,-39739.3285223023,7556.747215182729,-32182.58130711957,302.95592801086286,30.484501559128695,0.9813232226142735,673
194000,-39782.69381494465,7602.1836237806165,-32180.510191164034,304.77750929978004,30.5568025398118,0.9790012967102238,673
196000,-39938.2845131802,7466.521933148768,-32471.762580031434,299.33872562599,30.4622339873575,0.9820405595403628,673
198000,-39893.22318495746,7445.60590067123,-32447.61728428623,298.50018546458205,30.37961850398973,0.9847111577739295,673
200000,-40171.18579009763,7746.206336045812,-32424.97945405182,310.551492894372,30.353247430822133,0.9855666804012789,673
202000,-39741.82769543404,7136.056115292153,-32605.77158014189,286.0900915677447,30.364937646349812,0.9851872464948115,673
204000,-39906.517255455634,7323.285157676221,-32583.23209777941,293.5962508543868,30.03875523851665,0.9958851181501641,673
206000,-39600.57634017881,7652.9804173472385,-31947.595922831577,306.81399263007233,30.351856451080476,0.9856118474337698,673
208000,-39644.50630798607,7315.452319922522,-32329.053988063548,293.28222623995185,30.385635454918006,0.984516165678943,673
210000,-39648.9940886689,7647.7204802477045,-32001.273608421194,306.6031176226264,31.115103336037503,0.9614349978759769,673
212000,-39928.395434525446,7366.005462386193,-32562.38997213925,295.30894140625725,30.445375638860018,0.982584339396712,673
214000,-39821.21354527885,7363.51753625141,-32457.69600902744,295.2091984944563,30.397379375041595,0.9841358013367586,673
216000,-39777.43130260293,7650.340840823526,-32127.0904617794,306.7081699351315,30.345795781568217,0.9858086940651012,673
218000,-39717.916167678195,7490.52285673645,-32227.393310941745,300.300941493687,30.428672240923337,0.9831237154528654,673
220000,-39938.680071818555,7633.093970608824,-32305.58610120973,306.0167293691853,30.525373200585342,0.9800092897544125,673
222000,-39575.504520560964,7519.054777170932,-32056.449743390032,301.4448085818692,30.498812157711267,0.9808627678711194,673
224000,-39900.38234431294,7494.28113838784,-32406.101205925097,300.4516139553958,30.471178182287364,0.9817523014972699,673
226000,-39558.464342965424,7673.409774811233,-31885.05456815419,307.6330216081404,30.748243597054234,0.9729059552741405,673
228000,-39910.799031612696,7732.067280679405,-32178.731750933293,309.9846470653729,30.605031223584206,0.9774585456636108,673
230000,-39982.31059438136,7285.336164459182,-32696.974429922175,292.0748459258156,30.329601797223248,0.9863350501533068,673
232000,-39602.37925297688,7551.306266244672,-32051.07298673221,302.73779609671374,30.720320167178127,0.973790284313366,673
234000,-39992.21075294807,7779.6491430502465,-32212.561609897824,311.89224128025955,30.356196942966,0.9854709193644831,673
236000,-39809.622449333896,7480.987227664718,-32328.635221669178,299.9186506385966,30.716377682147662,0.9739152714996301,673
238000,-39641.323715268285,7591.559899398895,-32049.763815869388,304.35159584954187,30.56533117318073,0.9787281263303566,673
240000,-39749.60732567537,7529.834669769617,-32219.772655905756,301.87698293851975,30.109220417283844,0.993554429347549,673
242000,-40095.02578529983,7281.1499969724055,-32813.87578832743,291.9070191850696,30.26096244428632,0.9885723021820941,674
244000,-40222.24821323654,7470.757588146131,-32751.49062509041,299.50853635988375,30.279905777053177,0.9879538440461205,673
246000,-39618.53350581534,7642.67767683855,-31975.855828976793,306.4009476752809,30.551045589263065,0.9791857768791871,673
248000,-39688.99356395728,7725.849667261108,-31963.143896696172,309.73537806251835,30.51900962588556,0.9802136332897461,673
250000,-39580.70384143753,7538.984596219598,-32041.71924521793,302.243810672722,30.55781385532372,0.9789688965129376,673
252000,-39521.17635420925,7721.704088592884,-31799.47226561637,309.56917855937087,30.606767999469916,0.9774030799433682,673
254000,-39961.457291852625,7383.028281122839,-32578.429010729786,295.9913995725645,30.307727310405493,0.9870469337212001,673
256000,-39566.748941338476,7369.0672252922395,-32197.681716046238,295.4316898846881,30.29360104719849,0.9875072053396745,673
258000,-39813.32952775556,7262.359043098316,-32550.970484657242,291.15367509309095,30.93200255592706,0.96712617476691,673
260000,-39713.49349763029,7664.128734799815,-32049.364762830475,307.26093742833405,30.270699866465417,0.9882543000908517,673
262000,-39240.34307304773,7635.418383884018,-31604.92468916371,306.1099169220854,30.646103811142144,0.97614853405664,673
264000,-39542.322460456926,7463.256836178783,-32079.065624278144,299.20782532531564,30.921255295498998,0.9674623175517901,673
266000,-39972.689313648676,7529.787118687826,-32442.90219496085,301.8750765783225,30.359190953533524,0.9853737326393467,673
268000,-39770.17184078501,7390.736163911821,-32379.435676873192,296.30041464437255,30.598464378731432,0.9776683215052981,673
270000,-39765.634862151055,7455.777852534809,-32309.857009616244,298.90798699992007,30.715320716228316,0.973948785564478,673
272000,-39799.24734780783,7611.900071093067,-32187.347276714765,305.16704930008564,30.625041584003945,0.9768198755824476,673
274000,-40076.26177123297,7421.964037693702,-32654.297733539264,297.55236461861386,30.35512668398751,0.9855056650306919,673
276000,-39572.31764841612,7461.235421090318,-32111.082227325805,299.1267852075795,30.413403757395614,0.9836172744236023,673
278000,-39707.03851823267,7286.550046718939,-32420.488471513734,292.1235114185241,30.201746981234873,0.9905105598156648,673
280000,-39676.99761332368,7541.580008599765,-32135.417604723913,302.3478627924787,30.596344933531835,0.9777360457526001,673
282000,-40455.8458855573,7648.9424372537405,-32806.90344830356,306.65210683825205,30.499798128661553,0.9808310593925498,673
284000,-40051.69855327305,7457.543264746388,-32594.155288526657,298.97876376135594,30.692984866691894,0.9746575460068081,673
286000,-39568.24564121486,7584.512258711582,-31983.733382503277,304.0690504018891,31.18487718985076,0.9592838582519742,673
288000,-39641.22533354233,7258.823092453175,-32382.402241089156,291.0119160559557,30.630795150398807,0.976636393632913,673
290000,-39560.773640187894,7230.778784117303,-32329.99485607059,289.8875977195891,30.26582652400941,0.9884134268087077,673
292000,-40275.737547184544,7300.605779746571,-32975.131767437975,292.6870167895525,30.09617225554682,0.9939851837564015,673
294000,-39857.7981642934,7519.91248780167,-32337.885676491733,301.4791948743706,30.581998217609865,0.978194724129182,673
296000,-39659.91036510523,7382.4334965185135,-32277.476868586717,295.96755419086276,30.352801078979848,0.9855811736107309,673
298000,-39665.89013118591,7500.2143479954375,-32165.67578319047,300.6894809862184,30.871237271916065,0.9690298139429673,673
300000,-39830.96487390107,7563.846416082922,-32267.118457818153,303.2405405479254,30.36216207448793,0.9852773078676924,673
302000,-39800.88523009789,7343.644926869715,-32457.240303228176,294.4124899840628,30.655902251973814,0.9758365310506527,673
304000,-39941.29428532606,7518.181599506433,-32423.11268581963,301.40980220384256,30.295668439363016,0.9874398173345932,673
306000,-39885.08827069073,7547.304737926701,-32337.783532764028,302.5773716851896,30.2137010335474,0.9901186642635443,673
308000,-39995.572549022705,7541.339140241429,-32454.233408781278,302.33820619090784,30.32635059743891,0.9864407922633586,673
310000,-39605.27769070957,7503.32107249679,-32101.95661821278,300.81403201030065,30.51601505894894,0.9803098226293896,673
312000,-39849.204974562395,7481.66231939021,-32367.542655172187,299.9457155958282,30.232756405602984,0.9894946034179634,673
314000,-40170.41732664636,7704.439844951237,-32465.977481695125,308.87704147910017,29.96698676557873,0.998270181243439,673
316000,-39686.57906137104,7489.920308684566,-32196.658752686475,300.2767848692782,30.601329748057214,0.9775767770906505,673
318000,-39968.07082559477,7607.749323348266,-32360.3215022465,305.0006425646005,30.437561110399983,0.9828366077455705,673
320000,-40155.39198567375,7376.623629482179,-32778.76835619157,295.7346320605477,30.199463713354405,0.9905854485940868,673
322000,-40045.30393803041,7516.720276760009,-32528.5836612704,301.3512166277793,30.758636020460415,0.9725772394424345,674
324000,-39936.08429237196,7710.700513737001,-32225.38377863496,309.12803660543557,30.392801270733887,0.9842840428993358,673
326000,-39695.33678597957,7407.4961345674,-32287.840651412167,296.97233502477036,30.639390980423045,0.9763623999219901,673
328000,-40095.37605027424,7871.9038279928045,-32223.47222228143,315.5908040208483,30.617353787355725,0.9770651480059749,673
330000,-40022.81184421666,7716.699767553495,-32306.112076663165,309.3685514004385,30.654890941309777,0.9758687240828214,673
332000,-39544.95408804208,7790.278114380949,-31754.675973661135,312.3183650848013,30.46042900250208,0.9820987520345403,673
334000,-39800.92041499907,7493.920298676717,-32307.000116322353,300.4371476081126,30.382567702627604,0.9846155730678036,673
336000,-39961.6019876535,7693.505802393669,-32268.09618525983,308.4386871295881,30.336073486387264,0.9861246322210377,673
338000,-39520.325098007655,7264.90192105284,-32255.423176954813,291.25562106648323,30.598450532766087,0.9776687639055331,673
340000,-39949.18100069667,7375.516148746301,-32573.66485195037,295.6902322884582,29.756179218766047,1.0053424228244907,674
342000,-40007.41234703659,7454.667053466548,-32552.745293570042,298.86345419328035,30.568672265311786,0.9786211533871767,674
344000,-40283.15414340995,7347.025449199658,-32936.12869421029,294.54801777802834,29.943897599598,0.9990399282622322,673
346000,-39742.74420694131,7490.113250682035,-32252.630956259272,300.2845200654189,30.259607187808225,0.9886165780052495,673
348000,-39767.25154998907,7499.999520642228,-32267.252029346844,300.68086838898574,30.69378496267148,0.9746321395740406,673
350000,-39485.32332129229,7705.803639169175,-31779.51968212312,308.93171705989516,30.46088818176147,0.9820839474965075,673
352000,-39677.5355081248,7869.303316273093,-31808.232191851705,315.4865474645663,31.128875766918128,0.9610096276456606,673
354000,-40096.98284823078,7644.013179455062,-32452.969668775717,306.4544890235655,30.331950569797026,0.9862586727139785,674
356000,-39877.361860253906,7429.0957351817115,-32448.266125072194,297.8382799693922,30.794510565953793,0.9714442204146608,674
358000,-40074.645054229506,7576.816278514211,-32497.828775715294,303.7605125143225,30.485058350179035,0.9813052993424344,674
360000,-40054.72402194087,7455.443685599855,-32599.280336341017,298.89458998517193,30.632049084266594,0.9765964146733888,674
362000,-39767.358593029465,7525.014790706662,-32242.3438023228,301.6837502032122,30.480495777795685,0.981452189225429,674
364000,-39881.20392567932,7270.070350184981,-32611.13357549434,291.46282744768126,30.344484959335045,0.985851279067139,673
366000,-40052.15743310584,7685.994599966671,-32366.162833139166,308.1375571278889,30.2777423452427,0.9880244361909747,673
368000,-39808.13553626975,7319.830089328951,-32488.3054469408,293.4577344520669,30.19105953853363,0.9908611942423731,673
370000,-39732.13597987758,7653.943922911254,-32078.192056966327,306.8526203244993,30.60659631859861,0.9774085624678095,673
372000,-39933.47030569488,7336.202470517128,-32597.26783517775,294.11411606645333,30.678715064025145,0.9751108952041311,673
374000,-39808.1619363263,7332.860685597525,-32475.30125072878,293.9801412856777,29.99801349024636,0.9972376777389181,673
376000,-39918.791940538096,7486.5415533493115,-32432.250387188786,300.14132791551674,30.297848748078213,0.9873687587040822,674
378000,-40039.4205590786,7542.982028053602,-32496.438531025,302.4040708529882,30.603322613118806,0.9775131180354324,674
380000,-39993.03783059196,7493.026819216841,-32500.011011375118,300.40132731517207,30.216308912847964,0.9900332100812652,674
382000,-39905.79443326921,7315.932936827439,-32589.861496441772,293.3014945489611,30.501924774104186,0.9807626742031594,674
384000,-40073.562461466994,7365.558318179063,-32708.00414328793,295.2910150439788,29.94279395918344,0.9990767511733507,673
386000,-40009.46604591052,7403.517142668635,-32605.948903241886,296.8128141159836,30.370256246378137,0.985014715289457,673
388000,-40125.06884444386,7544.786795749563,-32580.282048694295,302.4764254066876,29.846473689686007,1.0023009626136083,673
390000,-39730.1481712136,7336.394920410068,-32393.753250803533,294.12183153373724,30.858109678027095,0.9694420566239504,673
392000,-39670.72912117612,7308.09555822642,-32362.633562949697,292.9872878883924,30.611271341198723,0.977259290421309,673
394000,-39687.76322589003,7431.405175137952,-32256.358050752075,297.9308672301812,30.757769245409634,0.9726046473366606,673
396000,-39920.783379913715,7539.356387135977,-32381.42699277774,302.25871606242083,30.404874009903352,0.9838932172535949,674
398000,-39824.805482440424,7544.813213472178,-32279.992268968246,302.47748451392556,30.732372710159723,0.9734083857412175,674
400000,-39724.50658175934,7243.141005308697,-32481.365576450647,290.38320887167174,30.523079362620443,0.9800829383692223,674
402000,-39995.8848792653,7306.263679627251,-32689.62119963805,292.91384643730095,30.927024122559068,0.9672818565163223,674
404000,-39963.58278792619,7288.225767828899,-32675.357020097294,292.19069239328735,30.5463879459158,0.9793350808861777,673
406000,-39708.262120889325,7382.2961863264645,-32325.96593456286,295.962049317473,30.367782971392163,0.9850949388691119,673
408000,-39900.82429566383,7563.781487407276,-32337.042808256552,303.2379375063488,30.51051649831132,0.9804864926311473,673
410000,-39797.74941252396,7541.553081024669,-32256.19633149929,302.3467832448545,30.479425787998125,0.9814866434122159,673
412000,-39634.823220307735,7639.625498391549,-31995.197721916185,306.2785834453371,30.649037944420606,0.9760550841446499,674
414000,-39686.71974150889,7359.132107735148,-32327.587633773743,295.0333832226155,30.75490457419951,0.9726952407743781,674
416000,-39750.11419052194,7753.40307551178,-31996.711115010163,310.84001582910565,30.200386000852887,0.9905551971736117,674
418000,-39469.17719611499,7312.786081845481,-32156.391114269514,293.17533466240843,30.776921300282062,0.971999408840151,674
420000,-39664.146617852035,7546.851736246556,-32117.294881605478,302.5592104922198,30.13120740372162,0.9928294246216991,674
422000,-39761.55427546977,7235.413067733056,-32526.141207736713,290.0733897877232,30.407865844630283,0.9837964118444283,674
424000,-40040.62558835524,7583.070572137569,-32457.555016217666,304.0112520553925,30.11990268713953,0.9932020571423382,673
426000,-39662.67690135559,7721.435020439323,-31941.241880916266,309.5583914058723,30.627237673046857,0.9767498338944387,674
428000,-40041.86733094955,7293.473153951404,-32748.394176998147,292.4010642222114,30.382141564287643,0.9846293832347044,673
430000,-39671.895625672914,7609.995489914772,-32061.900135758144,305.0906931455245,30.1567422150898,0.991988759807918,674
432000,-39756.27535861306,7408.653501921528,-32347.621856691527,297.0187347905472,30.5877895288957,0.9780095185215574,674
434000,-39823.45474281223,7835.170057612426,-31988.284685199804,314.118118329766,30.54162698626597,0.9794877438338937,674
436000,-39877.20729016428,7718.230906429918,-32158.976383734363,309.4299359599602,30.38613459923376,0.9844999933143318,674
438000,-39905.49677750212,7583.785809213215,-32321.710968288906,304.0399264712264,31.106262928361264,0.9617082379419727,674
440000,-40157.02675018663,7646.910215182592,-32510.11653500404,306.5706334600964,30.400778340840883,0.9840257698141083,674
442000,-40235.540177287534,7649.607970015899,-32585.932207271635,306.6787885691397,30.06196309250805,0.9951162942266194,674
444000,-40230.21382760187,7447.649860988473,-32782.563966613394,298.5821294382383,30.391089931752905,0.9843394684748829,673
446000,-39973.58352722539,7530.922150056536,-32442.661377168854,301.92058087690987,30.777881027015624,0.9719690996120125,673
448000,-40037.17988630233,7389.1964091234495,-32647.98347717888,296.23868466617733,29.922571183615673,0.9997519640349051,673
450000,-40136.9263855505,7907.396911731348,-32229.52947381915,317.0137496105027,30.35177113111467,0.9856146180256,673
452000,-39937.353320698836,7564.2981532249,-32373.055167473936,303.25865104456733,30.75221805920842,0.9727802154692464,674
454000,-39843.92251182531,7477.66810720106,-32366.254404624247,299.7855844936517,30.640963633280702,0.9763122879497713,674
456000,-39987.92732453745,7405.275136939329,-32582.65218759812,296.88329348634625,30.21302431754534,0.9901408410948672,674
458000,-39598.210827822506,7649.4714169747185,-31948.73941084779,306.67331405052266,31.079627471043267,0.9625324286034578,674
460000,-39881.71032082147,7457.743273732184,-32423.967047089285,298.9867822786064,30.481636528009766,0.9814154591832628,674
462000,-39960.64627200537,7583.767392035355,-32376.878879970012,304.03918811210826,30.445639534282556,0.9825758225938662,674
464000,-39537.695360564336,7625.98486377934,-31911.710496784995,305.73171969564123,30.793527358378725,0.9714752376899846,674
466000,-39803.0388008554,7571.4103636947875,-32231.628437160613,303.5437851454917,30.32656467453639,0.986433828916738,674
468000,-39789.12464348902,7405.534458009595,-32383.590185479425,296.89368987162396,30.53016710303976,0.9798554069104813,674
470000,-39496.74882263626,7567.04116326594,-31929.707659370324,303.3686204704146,30.659151988577023,0.9757330966277147,674
472000,-39413.38267468318,7279.373164572642,-32134.009510110533,291.83578457932435,30.28901207707698,0.9876568187060184,674
474000,-39569.74159912221,7343.536942782683,-32226.204656339527,294.4081608172446,30.6419642962924,0.9762804048895023,674
476000,-40108.89813478899,7508.012170611308,-32600.885964177687,301.0021018162905,30.381598307543026,0.9846469895024186,674
478000,-39662.75158242215,7466.64699643076,-32196.104585991387,299.34373951114145,30.464885630490052,0.9819550833912916,674
480000,-39765.931342449156,7640.692715604328,-32125.238626844828,306.3213690211781,30.36630059780025,0.9851430276614295,674
482000,-39523.255715965875,7524.596720513158,-31998.658995452715,301.66698944096356,30.811617163675304,0.9709048749658566,674
484000,-39926.22929892756,7589.019971539645,-32337.209327387915,304.249768147785,30.354179381592658,0.9855364209890362,674
486000,-39727.75426861842,7717.827535281118,-32009.9267333373,309.4137644939526,30.1219700675306,0.9931338900718343,674
488000,-39252.599339168635,7535.92228827666,-31716.677050891976,302.1210403433343,30.781585955261267,0.9718521116252247,674
490000,-39920.33697680067,7579.187789328786,-32341.14918747188,303.8555882445486,29.908140016910778,1.0002343607084652,674
492000,-39780.95694657686,7463.906851789277,-32317.05009478758,299.2338849614119,30.154745069681937,0.99205445911301,674
494000,-39662.35897639181,7693.859926428796,-31968.49904996302,308.45288424014876,30.67617782278616,0.9751915470894535,674
496000,-39949.57829583465,7623.380888860689,-32326.197406973966,305.6273242969951,30.205648760614608,0.9903826117716309,674
498000,-40022.94951757119,7583.945587927023,-32439.00392964417,304.04633212529154,30.166608983090576,0.9916643042830067,674
500000,-39908.627294838574,7340.646058199249,-32567.981236639323,294.2922629849092,30.244036778625443,0.9891255432851523,674
502000,-39689.90372654618,7433.170245452959,-32256.733481093223,298.0016302847151,30.64987931950356,0.976028290289482,674
504000,-39964.87640508817,7473.658469912813,-32491.21793517536,299.6248349871435,30.74041076683053,0.9731538572045698,674
506000,-39621.351484241866,7311.27430651046,-32310.077177731408,293.1147264024622,30.608684143350224,0.9773418932251985,674
508000,-39850.232205877954,7573.41309506337,-32276.819110814584,303.6240762182308,30.164435305552587,0.9917357645441258,674
510000,-40111.06624892983,7694.00449004543,-32417.061758884396,308.45867990902417,30.55938628447955,0.9789185237986037,674
512000,-39712.83521991287,7298.758016014893,-32414.077203897978,292.6129384910287,30.21574204113315,0.9900517839035714,674
514000,-39612.32949824724,7375.3214436124945,-32237.00805463475,295.6824264067976,30.73569918248865,0.9733030354109488,674
516000,-39742.488023563696,7533.815225560129,-32208.672798003565,302.0365665449544,30.686480949460094,0.97486412205634,674
518000,-40196.45564144847,7649.323650102283,-32547.131991346185,306.66738996060764,30.397791603237334,0.9841224553499499,674
520000,-39958.41406530197,7543.5935313732425,-32414.82053392873,302.42858650111145,30.12532050665791,0.9930234369849296,674
522000,-39809.39153810451,7461.060111230954,-32348.331426873556,299.11975689769685,30.261605006861235,0.9885513112411367,674
524000,-39980.251096113294,7485.9620757109515,-32494.289020402342,300.1180962020967,30.525116464081815,0.9800175322834384,673
526000,-39667.401319172815,7747.216177088851,-31920.185142083967,310.591978214527,30.53055096127467,0.9798430872649093,673
528000,-39658.554481700354,7294.741141039335,-32363.813340661018,292.45189881995447,30.556833611278133,0.9790003012207626,673
530000,-39849.608874674974,7648.645889462067,-32200.962985212907,306.64021800448967,29.924776259285164,0.9996782950218998,673
532000,-39558.806021234865,7854.187784266667,-31704.6182369682,314.8805539205208,30.7232511651685,0.9736973847256557,673
534000,-39807.105043917545,7476.260279701983,-32330.844764215562,299.72914358404904,30.526298293475442,0.9799795907841191,673
536000,-39777.318466072844,7477.389455943831,-32299.929010129013,299.77441314600424,30.64516779564662,0.9761783492026985,673
538000,-39511.889546868304,7487.448971628982,-32024.44057523932,300.177707026685,30.641160205769182,0.9763060246054761,674
540000,-39351.23113572251,7707.915454107935,-31643.31568161458,309.0163813785948,30.369875754752023,0.9850270561318695,674
542000,-39815.961376406456,7700.0439791464905,-32115.917397259967,308.7008077681706,30.835404591674695,0.970155887556308,674
544000,-40028.31417968805,7460.689673324035,-32567.624506364016,299.10490575120934,30.586216453566944,0.9780598183893823,673
546000,-39658.64202287485,7571.531202021752,-32087.110820853093,303.54862964887946,30.72993721353954,0.9734855330785861,673
548000,-40179.686617849366,7377.962089945833,-32801.724527903534,295.7882919912461,30.18875146745476,0.9909369502095606,673
550000,-39822.726910735975,7276.197447915132,-32546.529462820843,291.70846760554195,30.448208156107924,0.9824929321429715,673
552000,-40166.27060591386,7293.191264573854,-32873.07934134,292.38976305577825,30.6263196802075,0.9767791109790744,673
554000,-39823.27877853342,7395.9522109474165,-32427.326567586006,296.5095300647008,30.690514758852565,0.9747359907401065,674
556000,-39863.237002482,7485.543842716035,-32377.693159765964,300.1013289130116,30.56100226276957,0.9788667613901408,674
558000,-40374.47362155921,7542.343814719683,-32832.129806839526,302.37848437942483,30.285088404469054,0.9877847774543577,674
560000,-40059.90176543713,7538.373233362536,-32521.52853207459,302.2193006558539,30.20466642199072,0.9904148217314556,674
562000,-39912.50740719354,7529.5922726787885,-32382.915134514747,301.86726504886326,30.30009535033072,0.9872955501926333,674
564000,-39729.78105930454,7477.927877135755,-32251.853182168787,299.7959988742567,30.409885620859225,0.9837310696517105,673
566000,-39959.543745539995,7523.669811140916,-32435.87393439908,301.6298289165933,30.596653734612616,0.9777261778124566,673
568000,-39559.48477242279,7208.492803288158,-32350.99196913463,288.9941352533363,30.55939974075572,0.9789180927496264,673
570000,-40019.21286782765,7702.9276823273485,-32316.285185500303,308.81641769243925,30.23224949082282,0.9895111946226477,673
572000,-39669.47181940329,7696.671224694053,-31972.80059470924,308.5655913945121,30.551324636386287,0.9791768332743717,674
574000,-39511.05627123287,7497.341160987753,-32013.715110245117,300.57429266358764,30.284341506351034,0.9878091390403985,674
576000,-39918.60553223101,7307.885491206196,-32610.72004102482,292.97886613664605,30.17235522665631,0.991475444494467,674
578000,-39645.7355481417,7427.048590626354,-32218.68695751535,297.7562083371304,30.757877645908106,0.9726012195699659,674
580000,-39756.065303145384,7526.532805474934,-32229.53249767045,301.7446086069354,30.380307288346472,0.9846888323367657,674
582000,-40154.835098273994,7431.393592917744,-32723.441505356248,297.93040288988084,30.55264114304615,0.9791346407576541,674
584000,-39497.530732924904,7304.589188744225,-32192.941544180678,292.8467147833012,30.356888465303815,0.9854484705830546,673
586000,-39853.83728576003,7605.33622271821,-32248.501063041826,304.9038994660232,30.514970476275824,0.980343380409031,673
588000,-39737.10801384202,7670.93212052506,-32066.175893316962,307.53369050281384,30.864447823440496,0.969242977581296,673
590000,-39985.54584489018,7387.041216401012,-32598.504628489165,296.1522812980778,30.517571577573243,0.9802598228942327,674
592000,-39763.315297790774,7550.018803350507,-32213.296494440267,302.68618069861,30.474817660783337,0.98163505497493,674
594000,-40109.449339853396,7518.702798325088,-32590.746541528308,301.4306974736309,30.820354881367216,0.9706296188003841,674
596000,-39474.86226445547,7545.820951594044,-31929.041312861427,302.51788552631996,30.49150572417983,0.9810978041032338,674
598000,-39872.89581925655,7648.478397224246,-32224.417422032304,306.63350310919157,30.48089405337035,0.9814393651778801,674
600000,-39984.8226584105,7808.701914812065,-32176.120743598432,313.0569897070305,30.614579588640122,0.9771536866341408,674
602000,-39964.7008146866,7723.7223301248705,-32240.97848456173,309.6500914467366,30.308777586509198,0.9870127300386279,674
604000,-39552.82458079775,7583.679778398342,-31969.14480239941,304.03567561262247,30.93584329218321,0.9670061044481986,673
606000,-40114.818668836,7292.190540981022,-32822.62812785498,292.34964326135935,30.32936359911336,0.9863427965454755,673
608000,-39831.12298205431,7705.633245726776,-32125.48973632753,308.9248858530281,30.904746328376806,0.9679791250163365,674
610000,-40047.310567620385,7273.084806574214,-32774.22576104617,291.58367937071677,30.242597350241553,0.9891726217607788,674
612000,-39680.85650693011,7492.569398678582,-32188.28710825153,300.3829889667116,30.85479295831271,0.9695462662871137,674
614000,-40069.048915406456,7491.011586874069,-32578.037328532388,300.3205350685642,30.189931574413688,0.9908982150574813,674
616000,-40252.29782080147,7502.261638832211,-32750.036181969255,300.7715584830172,30.181694383187786,0.9911686511032249,674
618000,-39832.48128005321,7499.014906004955,-32333.466374048254,300.64139441524094,30.660378948484873,0.9756940499677784,674
620000,-39827.27466331722,7574.64475490811,-32252.62990840911,303.67345442827695,30.66669159396857,0.9754932063058813,674
622000,-39766.78531608201,7563.19761945855,-32203.587696623457,303.21452978193975,30.3288384040393,0.9863598767373107,674
624000,-39908.10762349659,7538.444386713998,-32369.663236782588,302.2221532495704,30.703085684045227,0.9743368994778052,673
626000,-39988.70327275235,7330.335496903525,-32658.367775848823,293.8789044886261,30.73993575160609,0.9731688950661201,673
628000,-39620.076966541266,7408.304940196054,-32211.772026345214,297.0047606773471,30.894882610708404,0.9682881688446746,673
630000,-39905.827258521196,7465.629356654941,-32440.197901866253,299.3029415336672,29.917459856825037,0.9999227692778037,674
632000,-39825.287548743945,7423.733584852506,-32401.553963891438,297.62330715333,30.18450923676501,0.9910762197636493,673
634000,-40152.72089100047,7503.332951939616,-32649.387939060856,300.81450826648904,30.34045922744808,0.9859820870058126,674
636000,-39679.431596264156,7697.632512083124,-31981.79908418103,308.60413016056424,30.49070311276615,0.9811236296898922,674
638000,-39673.59628204239,7311.990362044581,-32361.605919997808,293.143433630939,30.449447676329946,0.9824529373335311,674
640000,-39760.3379158405,7571.3761622100865,-32188.961753630414,303.54241398112134,30.746991701434673,0.972945568147994,674
642000,-39983.999134041806,7776.925267677927,-32207.073866363877,311.78303897830233,29.99493852386122,0.9973399107318147,674
644000,-39943.12056885738,7689.648395264729,-32253.472173592654,308.28404064966935,30.34227296645462,0.9859231489634012,673
646000,-39736.79051223167,7617.937047054455,-32118.853465177217,305.4090764054899,30.47248389608421,0.9817102344465654,674
648000,-39814.81828293973,7622.829377865633,-32191.988905074093,305.60521378825933,30.745762792158374,0.9729844568183489,674
650000,-40103.98916585051,7697.879503007676,-32406.10966284283,308.61403222062097,30.356500728647074,0.9854610574914995,674
652000,-39828.84165923737,7413.437083016532,-32415.404576220837,297.2105123118252,30.773852521595366,0.9720963369406297,674
654000,-39788.06997689666,7521.17855565768,-32266.89142123898,301.5299525285993,30.668222130630674,0.9754445230757439,674
656000,-40113.713771922194,7454.4907120517055,-32659.22305987049,298.8563845275288,30.8248554336334,0.9704879029912079,674
658000,-39316.67865708383,7630.696859024113,-31685.981798059718,305.9206272839875,31.05722384493528,0.9632267667952713,674
660000,-39866.95661148598,7490.342215705512,-32376.614395780467,300.2936994529509,29.992351828360537,0.9974259264825802,674
662000,-40066.68357497483,7555.896717083603,-32510.786857891224,302.9218308744158,30.24604211696791,0.9890599634195356,674
664000,-39678.96760568343,7564.815729493855,-32114.151876189575,303.2794010834945,30.813914906147954,0.970832476201373,674
666000,-39850.379946768255,7612.67038333997,-32237.709563428285,305.1979317227701,30.220579459708674,0.989893305973108,674
668000,-39933.17958867227,7394.786652675746,-32538.392935996522,296.46280191860967,30.562817612013326,0.9788086193347328,674
670000,-39660.887254659174,7555.274802157849,-32105.612452501326,302.89689781683023,30.337314093490512,0.9860843058684922,674
672000,-40164.608036054386,7692.048759830236,-32472.55927622415,308.38027314942093,30.114363572987084,0.993384742708899,674
674000,-39758.44505077359,7564.778330373374,-32193.666720400215,303.2779017233956,30.959659504534173,0.9662622195639076,674
676000,-39754.17729330616,7639.855630795928,-32114.32166251023,306.2878096340859,30.40957455297889,0.9837411325066882,674
678000,-40008.11135262993,7300.332096040743,-32707.779256589187,292.6760445949402,30.27371727176366,0.9881558000046438,674
680000,-39712.82110266728,7736.131538395048,-31976.68956427223,310.1475863476932,30.84218310138502,0.969942666232684,674
682000,-39531.23501583669,7519.70848365438,-32011.52653218231,301.47101618795955,30.71894582263229,0.9738338510221248,674
684000,-39763.96641364106,7531.732349215594,-32232.234064425465,301.95306239721435,30.804263769383816,0.971136643087913,674
686000,-39751.4506939768,7309.246242126746,-32442.204451850055,293.0334197092597,30.53990122832928,0.9795430930223268,674
688000,-39608.332197348616,7518.543329527683,-32089.788867820935,301.42430424435776,30.537572678491657,0.9796177851052312,674
690000,-39916.63371079622,7648.08515483997,-32268.548555956248,306.6177377133051,30.633378116150077,0.9765540449495054,674
692000,-39924.87676753447,7537.5978192569,-32387.27894827757,302.18821369564785,30.34303347506199,0.9858984380839959,674
694000,-39761.68253829729,7480.03468771995,-32281.64785057734,299.88046256445347,30.922971059573374,0.9674086378104556,674
696000,-39637.26528113958,7600.2098935479335,-32037.05538759165,304.6983809053454,30.404980915362056,0.9838897578350213,674
698000,-40009.31656144839,7712.051546977334,-32297.265014471053,309.18220058862084,30.38140383725115,0.9846532921929878,674
700000,-39861.61418170226,7613.460188189312,-32248.153993512948,305.2295956191883,30.383386624188386,0.984589034784503,674
702000,-39822.54973303128,7522.172154968697,-32300.37757806258,301.56978670496767,30.516654341256107,0.9802892864749952,674
704000,-39887.32000746604,7595.71065287216,-32291.609354593882,304.5180028146856,30.624683017463653,0.9768313125962798,674
706000,-39595.51568745589,7530.260570628812,-32065.255116827077,301.89405763830314,31.13014687342093,0.9609703876898736,674
708000,-40397.22870337911,7406.783875901185,-32990.44482747792,296.94378001570857,30.648334704862975,0.9760774801590567,674
710000,-40266.40712848614,7570.757856585857,-32695.649271900285,303.5176256232673,30.13698858886428,0.9926389699350309,674
712000,-40052.517905480316,7548.8509912099025,-32503.666914270412,302.639362193144,30.675119524351615,0.9752251914143548,674
714000,-39685.29647246117,7604.143457081871,-32081.153015379296,304.85608055532435,30.31036153827059,0.9869611509589692,674
716000,-39778.37155149988,7398.610802743013,-32379.760748756864,296.6161150968187,30.418036786847072,0.9834674577923285,674
718000,-39813.08538092222,7450.86017752686,-32362.225203395355,298.7108335484064,30.339103746575717,0.9860261384013511,674
720000,-39992.70397054331,7600.7209405064405,-32391.98303003687,304.7188691790911,30.226638167385946,0.9896948891283578,674
722000,-40181.474754735216,7460.697286250514,-32720.777468484703,299.10521095940817,30.080245594872075,0.9945114715051993,674
724000,-39730.94713255126,7404.858587251002,-32326.088545300256,296.8665936823438,30.912420292449237,0.967738825584653,674
726000,-40249.82959510712,7676.481994380055,-32573.347600727066,307.75618930239057,30.442309424778934,0.9826833073789131,674
728000,-39976.84488416801,7400.016502312092,-32576.828381855914,296.67247069603724,30.27243863904499,0.9881975372545594,674
730000,-39970.03005612097,7547.55221074466,-32422.477845376314,302.5872930647312,30.460763213707974,0.9820879765852872,674
732000,-39615.16201702095,7793.984927491546,-31821.177089529403,312.46697413230623,30.60108634131913,0.9775845529183412,674
734000,-39525.66106232625,7276.723076610428,-32248.937985715827,291.7295404725624,30.59634475946404,0.9777360513151064,674
736000,-39620.654281106225,7487.633801498279,-32133.020479607945,300.1851170012392,30.112741665790985,0.9934382475634413,674
738000,-39954.30036526872,7531.688138405489,-32422.61222686323,301.9512899511311,30.396870066951372,0.984152290808352,674
740000,-39741.74730307842,7558.559287106711,-32183.188015971704,303.0285753967976,29.940387585122775,0.9991570491445042,674
742000,-39870.50771858607,7578.959868999091,-32291.547849586983,303.84645073961036,30.341672222729223,0.9859426695468785,674
744000,-39534.625544349896,7734.951997592552,-31799.673546757345,310.10029763096486,30.83265737384478,0.9702423293287371,674
746000,-39844.289724090864,7486.764412957174,-32357.52531113369,300.15026253214387,30.606839080779192,0.9774008100228961,674
748000,-39535.83819467775,7557.959466334525,-31977.878728343225,303.00452811117276,30.638718450114936,0.9763838314092995,674
750000,-39658.677950640675,7710.679970027425,-31947.99798061325,309.1272129919916,30.907427698918266,0.9678951480922181,674
752000,-39795.22405704751,7742.526996439898,-32052.697060607614,310.40398528123694,30.045591418277922,0.9956585275134723,674
754000,-39995.476991867064,7484.025722864402,-32511.45126900266,300.04046629641397,30.11416203496484,0.9933913909030657,674
756000,-39728.03068571145,7545.49996534447,-32182.53072036698,302.50501693559573,30.68802459703399,0.9748150851223356,674
758000,-39635.870293620275,7701.410508636325,-31934.45978498395,308.7555930081632,30.79162306238334,0.9715353181995766,674
760000,-39888.17833013352,7240.872475500104,-32647.30585463342,290.2922617308171,30.3111370519834,0.9869358994514041,674
762000,-39917.71684426369,7630.766918980322,-32286.94992528337,305.92343604263,30.314835575985217,0.9868154895582602,674
764000,-39613.0485334454,7751.696378392112,-31861.352155053286,310.7715930017966,30.392834856248218,0.9842829552190984,674
766000,-39553.813261337025,7425.5538572174955,-32128.25940411953,297.69628330138215,30.545250837723984,0.9793715385976868,674
768000,-40106.72714571701,7191.092203762585,-32915.63494195443,288.29653155863764,30.156528228257336,0.9919957988321368,674
770000,-39836.765523533744,7624.882297112572,-32211.883226421174,305.68751693243996,30.754645786288044,0.972703425611609,674
772000,-39899.07036169607,7338.71122534069,-32560.35913635538,294.21469401673824,30.917235514679888,0.9675881045570821,674
774000,-39948.11120385141,7526.483122269868,-32421.628081581544,301.74261676824227,30.20316841027903,0.9904639441606732,674
776000,-39956.14344232119,7436.41229471302,-32519.73114760817,298.1316065846058,30.147418305140857,0.9922955593412377,674
778000,-40043.97557081428,7425.689467189131,-32618.286103625145,297.70172001160086,30.019985031100948,0.9965078023457268,674
780000,-39803.894215444365,7312.39251610047,-32491.501699343895,293.15955630273623,30.481776064845384,0.9814109665445361,674
782000,-39797.48272595988,7833.795865457226,-31963.686860502658,314.0630258875036,30.71944039618248,0.9738181725963858,674
784000,-39977.72413715947,7630.433477127177,-32347.290660032297,305.91006809698086,30.96269754211235,0.9661674106109921,674
786000,-39956.66800919839,7479.518373116094,-32477.149636082293,299.8597631066706,30.187679853798432,0.9909721268635316,674
788000,-39622.275384893146,7321.35947724668,-32300.915907646464,293.51904881428,30.66329718439002,0.9756011928496435,674
790000,-40349.72850743466,7672.1481824032235,-32677.580325031435,307.5824433781353,30.382739379342347,0.9846100095284281,674
792000,-39938.1930316308,7600.932395145903,-32337.260636484898,304.727346561582,30.734141839699234,0.9733523540635409,674
794000,-39698.626154997124,7419.337833061993,-32279.28832193513,297.44707801332055,30.370837731661954,0.984995856028269,674
796000,-39806.09766445539,7525.682000878462,-32280.415663576925,301.7104991827691,30.123620796015555,0.9930794678490605,674
798000,-39482.77135717982,7329.412223480818,-32153.359133699007,293.84188973232705,30.773981150601145,0.9720922737749078,674
800000,-39747.14193165183,7555.518133961565,-32191.623797690263,302.9066531798601,30.621122649302556,0.9769448903753821,674
802000,-39529.72116619241,7413.249736570169,-32116.471429622237,297.20300144572093,30.66918196702161,0.9754139951291039,674
804000,-39613.56551470165,7587.872186062007,-32025.693328639645,304.2037525269585,30.594531199141525,0.9777940088401625,674
806000,-39752.33737914788,7652.567329061352,-32099.77005008653,306.79743159641095,30.588985327993978,0.9779712857103734,674
808000,-39679.59406672066,7220.122028624866,-32459.472038095795,289.46036002619246,30.403536974849924,0.9839364852365728,674
810000,-39907.26913686306,7536.206930183773,-32371.06220667929,302.13245186083844,30.48347391546071,0.9813563044932867,674
812000,-39852.32436990042,7885.968834703282,-31966.35553519714,316.1546811811019,29.864904110662774,1.0016824162215645,674
814000,-39802.16310127225,7719.035942360113,-32083.12715891214,309.46221048236634,30.546424833629267,0.9793338982459163,674
816000,-39632.23676310296,7801.616688509384,-31830.62007459358,312.77293742255245,30.475807954095234,0.9816031573257805,674
818000,-39821.877148186555,7298.944052309633,-32522.93309587692,292.62039683212595,30.604038367280275,0.9774902563766629,674
820000,-39942.91745009218,7400.941626357774,-32541.975823734407,296.70955964526416,30.377480500080157,0.9847804629391527,674
822000,-39850.34060653133,7250.101985731559,-32600.238620799773,290.66228004129306,30.543459850046037,0.9794289663536244,674
824000,-39493.14897771063,7756.881267255468,-31736.267710455166,310.9794592665401,30.478607745314463,0.9815129864123446,673
826000,-39731.61564173931,7402.520005821259,-32329.09563591805,296.7728381170057,30.933657518355396,0.967074433149167,674
828000,-39598.170390916144,7702.179899403576,-31895.990491512566,308.786438488005,30.537661736285365,0.9796149282198753,674
830000,-39858.22570479763,7538.129355960113,-32320.09634883752,302.2095234193435,30.412012411280685,0.9836622748022303,674
832000,-39711.59686831653,7651.850908705205,-32059.745959611322,306.7687097419328,30.7974880295122,0.9713503023729514,674
834000,-39527.21360821495,7697.184527912461,-31830.02908030249,308.5861701234884,30.49415818154952,0.9810124657874364,674
836000,-39962.94561931689,7345.635832166221,-32617.30978715067,294.4923069402887,30.289872558464378,0.9876287611330459,674
838000,-39745.45291824092,7257.025603760903,-32488.427314480014,290.93985332322825,30.538672397313793,0.9795825083878035,674
840000,-40042.52420431757,7504.6298062940505,-32537.894398023516,300.8665001756075,30.595221371419274,0.9777719515943575,674
842000,-39662.3324954407,7573.31081410902,-32089.02168133168,303.6199756944789,30.49121659962338,0.9811071070927201,674
844000,-39980.78916408759,7617.5361892194815,-32363.252974868108,305.39300570020663,30.23037973355611,0.9895723961610651,673
846000,-39485.17213599334,7354.3778028385095,-32130.794333154834,294.84277940711223,30.37342657668536,0.9849119010087879,673
848000,-39718.9494070792,7674.098203266188,-32044.85120381301,307.6606212453257,30.61195993417344,0.9772373077098686,673
850000,-40167.34525585864,7469.614293659913,-32697.73096219873,299.4627007864288,30.359575689952774,0.9853612453382925,673
852000,-39534.015041837,7332.958393457811,-32201.05664837919,293.9840584704986,30.622363841401448,0.9769052926393853,674
854000,-39699.573808009474,7689.1408374181265,-32010.432970591348,308.26369225715894,30.49327202985875,0.9810409745632204,674
856000,-39654.9891151723,7854.93370338343,-31800.055411788868,314.91045840346897,30.446773677789746,0.9825392216061455,674
858000,-39570.72144633363,7716.140682952308,-31854.58076338132,309.3461372598876,30.640648453119237,0.9763223306309838,674
860000,-39658.949467690836,7448.961628306429,-32209.98783938441,298.63471921977117,31.11825645954234,0.961337578430446,674
862000,-39891.838461301784,7473.107762098229,-32418.730699203556,299.60275667854336,30.439706224516538,0.9827673463451484,674
864000,-40083.21312304595,7394.789050684093,-32688.424072361857,296.4628980566468,30.42398171294686,0.9832752856626815,673
866000,-39675.4742749352,7409.199501506389,-32266.274773428813,297.04062434252177,30.395741226954208,0.9841888403519501,673
868000,-39963.649576113065,7717.851712580146,-32245.79786353292,309.4147337808502,30.41406930677443,0.9835957499817598,673
870000,-39551.1260667516,7310.420229945812,-32240.70583680579,293.08048580252324,30.63186234011366,0.9766023683979189,674
872000,-40008.63362015653,7460.862202482366,-32547.77141767416,299.1118225806048,30.061147426050173,0.9951432952911957,674
874000,-39970.03057109154,7496.815093650652,-32473.215477440892,300.5532022110729,30.269156807348416,0.9883046792546116,674
876000,-39820.16914441265,7531.895952084635,-32288.273192328015,301.95962136466477,30.1710858296591,0.9915171591334149,674
878000,-39659.29618227418,7299.437589868558,-32359.85859240562,292.6401831402972,30.90619614054132,0.9679337170371707,674
880000,-39830.32413427645,7633.894535349089,-32196.429598927363,306.04882463807724,30.253421517460477,0.9888187123736984,674
882000,-39848.58365323502,7217.406736488505,-32631.176916746517,289.3515018329028,30.098053654309854,0.9939230507521656,674
884000,-39977.60815906766,7359.30487509199,-32618.30328397567,295.04030960157615,30.25649639381071,0.9887182217143118,673
886000,-39608.674246054725,7476.2956019624435,-32132.37864409228,299.73055968119945,30.36844936825264,0.9850733222180087,673
888000,-39919.568074624636,7328.893028910694,-32590.675045713942,293.82107481443563,30.389185239142407,0.9844011635844119,673
890000,-39861.63649367736,7348.430378634577,-32513.206115042783,294.60434250196386,30.298946777016415,0.9873329766197178,673
892000,-40194.77584995891,7462.716818644298,-32732.059031314613,299.1861755984367,30.785605138617456,0.9717252324615983,673
894000,-39948.56005485286,7396.742647213223,-32551.81740763964,296.5412192751007,30.192993076442082,0.9907977401927451,673
896000,-39624.062777682324,7178.266189927599,-32445.796587754725,287.7823265953895,30.67982788752574,0.9750755258297052,674
898000,-39688.528607589134,7516.538681773203,-32171.98992581593,301.34393634220356,30.712304635594275,0.9740444315313158,674
900000,-39732.15336488199,7389.967447923986,-32342.185916958006,296.2695962169673,30.427503220016124,0.983161486944316,674
902000,-40011.21201100893,7511.287889118008,-32499.924121890923,301.13342794270983,30.011843045198198,0.9967781473714042,674
904000,-39509.70291789726,7465.916996745482,-32043.78592115178,299.31447325069854,30.545077476896196,0.9793770970926938,673
906000,-39963.265332913055,7583.050892915135,-32380.214439997922,304.01046309991665,30.384062986745867,0.984567117401106,673
908000,-39928.50350362761,7479.682562204007,-32448.820941423604,299.8663455760957,30.811114771872933,0.9709207060921784,673
910000,-39653.12998625182,7640.158121121417,-32012.971865130403,306.2999367086939,30.970265670062602,0.9659313106477962,674
912000,-39895.75214784188,7611.074210044593,-32284.677937797285,305.1339398823397,30.424215036711875,0.9832677449096523,674
914000,-39724.41204907358,7500.623671824835,-32223.788377248748,300.705891099864,30.692131585777695,0.9746846427459042,674
916000,-39941.99570297406,7490.242272824318,-32451.753430149744,300.28969266438725,30.26441393984292,0.9884595607652226,674
918000,-39463.90584064039,7511.241940421969,-31952.663900218424,301.1315858234152,30.819682635476543,0.9706507903932367,674
920000,-39939.437238900835,7408.224441623901,-32531.212797276934,297.0015334263969,30.478517322224054,0.9815158983465627,674
922000,-39740.039722592395,7426.752659241032,-32313.287063351363,297.74434421558243,30.82263359163995,0.9705578603740055,674
924000,-39994.46848558489,7478.333225383889,-32516.135260201,299.8122496037286,30.5644442400335,0.9787565275147704,673
926000,-39656.81192864655,7453.491877265918,-32203.320051380633,298.81634045686707,30.362403131317027,0.9852694854360294,673
928000,-39382.12752830706,7352.909657999802,-32029.217870307257,294.7839203280139,30.609740859711188,0.9773081532084646,673
930000,-39642.00516728469,7354.7370197930595,-32287.26814749163,294.8571806968106,30.46064790754171,0.982091694194967,673
932000,-39625.52566966062,7464.550096652878,-32160.975573007745,299.25967315295,30.47581996565957,0.9816027704423598,674
934000,-39574.66000009558,7713.820666916481,-31860.8393331791,309.2531259957656,29.946460958774317,0.9989544123753586,674
936000,-39923.14074006403,7393.851372321301,-32529.28936774273,296.4253057949916,30.537136848946194,0.9796317663234482,674
938000,-39865.19802816826,7665.584912806089,-32199.613115362175,307.3193167477261,30.511052160506228,0.9804692788836842,674
940000,-39861.099366550334,7570.875019457938,-32290.224347092397,303.5223227747835,30.4033603164409,0.9839422023892905,674
942000,-39654.702318828524,7551.850186422427,-32102.852132406097,302.75960228362504,30.544789382893043,0.9793863344347806,674
944000,-39722.328553481406,7461.015117518983,-32261.313435962424,299.1179530644632,30.509061531539242,0.9805332516986386,673
946000,-39950.34368724274,7722.886527628172,-32227.45715961457,309.6165834685271,30.065593407309645,0.9949961374293365,673
948000,-39623.36957660457,7492.767525575744,-32130.60205102883,300.39093202955127,30.625171375151087,0.9768157357665215,673
950000,-39469.8144242283,7416.6071888379565,-32053.207235390346,297.33760434278435,31.075621821069266,0.9626564991054033,674
952000,-39914.84972780125,7468.262636908459,-32446.58709089279,299.4085118061932,30.429647629784668,0.9830922025042755,674
954000,-40244.656154365744,7301.95704424946,-32942.699110116286,292.74119004423517,30.532919453082908,0.9797670791278849,674
956000,-39918.39393477552,7402.507544716373,-32515.88639005915,296.7723385415286,30.076234453237962,0.9946441053418973,674
958000,-39783.695481557865,7501.407272180457,-32282.28820937741,300.73730625325834,30.529315751179094,0.9798827315230163,674
960000,-39889.362539244874,7443.340132615843,-32446.022406629032,298.40934904458146,30.437417153317337,0.9828412561784535,674
962000,-39905.269103845116,7447.849075219934,-32457.42002862518,298.5901160931636,30.82165343947634,0.9705887248566207,674
964000,-40049.02421141125,7275.547741973278,-32773.47646943797,291.68242038430463,30.634460045714864,0.9765195555969506,674
966000,-39655.84510612383,7321.07580694303,-32334.7692991808,293.50767624912146,30.735562823880368,0.973307353478853,674
968000,-39628.89870078984,7723.595214504714,-31905.303486285127,309.64499528173695,30.739062581777066,0.9731965387756656,674
970000,-39834.32443693216,7714.545487003112,-32119.778949929052,309.2821846020327,31.071127119447564,0.9627957555189554,674
972000,-39640.82356399426,7453.347877681421,-32187.475686312835,298.81056740048285,30.69885429839185,0.9744711974922503,674
974000,-39739.35994721626,7463.573868224232,-32275.78607899203,299.22053538889236,30.668308086610892,0.9754417891365293,674
976000,-39505.60780185071,7409.22842585843,-32096.37937599228,297.04178394250107,31.301493747626456,0.9557099591153678,674
978000,-39760.997327019286,7265.84841050723,-32495.148916512055,291.29356657171746,30.343753265783803,0.9858750513743106,674
980000,-39752.006207257364,7470.557711360847,-32281.44849589652,299.5005231426556,30.46955325407738,0.9818046579265426,674
982000,-40126.863567426626,7469.23054827437,-32657.633019152257,299.44731613267686,29.949411730020234,0.9988559902099221,674
984000,-39616.09064622116,7551.794635475198,-32064.29601074596,302.7573752025424,30.633862435892787,0.9765386056817741,674
986000,-39989.58113179315,7655.62280305224,-32333.95832874091,306.91992794729623,30.39477508166429,0.9842201243278946,674
988000,-40075.552500325546,7334.163848074575,-32741.38865225097,294.0323860923838,30.4307514216423,0.9830565435370228,674
990000,-39678.49984609842,7798.118052075977,-31880.381794022444,312.63267434145774,30.473777347605562,0.9816685660120361,674
992000,-39736.689741018316,7419.6260527865015,-32317.063688231814,297.4586329683327,30.59975247779964,0.9776271664778234,674
994000,-39516.17388326992,7538.0914505408,-31978.08243272912,302.20800376132695,30.834603228051034,0.9701811010358464,674
996000,-39803.8597356696,7583.522498690169,-32220.337236979427,304.02937014565504,30.16982691294329,0.9915585328386485,674
998000,-40012.97297099419,7509.937862324695,-32503.035108669494,301.0793043087756,30.61021319051412,0.9772930728579342,674
1000000,-39235.258949212905,7639.205680609124,-31596.05326860378,306.26175262087673,30.36379169651092,0.985224428121457,674
